{
  "model_name": "baseline",
  "timestamp": "2025-08-23T03:24:19.813965",
  "hyperparameters": {
    "epochs": 40,
    "batch_size": 2048,
    "learning_rate": 0.001,
    "embedding_dim": 64,
    "num_layers": 3,
    "k": 300,
    "optimizer": "Adam",
    "loss_function": "BPR",
    "negative_sampling_ratio": "1:1"
  },
  "model_stats": {
    "total_trainable_params": 959488,
    "total_params": 959488,
    "embedding_params": 959488,
    "layer_params": 0
  },
  "training_history": {
    "epoch": [
      0,
      1,
      2,
      3,
      4,
      5,
      6,
      7,
      8,
      9,
      10,
      11,
      12,
      13,
      14,
      15,
      16,
      17,
      18,
      19,
      20,
      21,
      22,
      23,
      24,
      25,
      26,
      27,
      28,
      29,
      30,
      31,
      32,
      33,
      34,
      35,
      36,
      37,
      38,
      39
    ],
    "train_loss": [
      0.6929643066638118,
      0.6928791577052674,
      0.692735506551987,
      0.6924908982661305,
      0.6921099489383365,
      0.6915452307687245,
      0.6907562155730885,
      0.6897018090822933,
      0.6883381549689223,
      0.6866307437774435,
      0.6845833129190024,
      0.6821252277843786,
      0.6792974940704538,
      0.6760833091536521,
      0.672495105748456,
      0.6685025680660314,
      0.6642657023009607,
      0.6598207537757883,
      0.654965238592672,
      0.6500349399481579,
      0.6450184308187676,
      0.6399533170955588,
      0.6348364130858097,
      0.6298474141706808,
      0.6249561904014589,
      0.6201443292478932,
      0.6156106055233729,
      0.6113604168856189,
      0.6071405867772816,
      0.6032047579506208,
      0.599452119630889,
      0.5959087709639622,
      0.5924810533700464,
      0.5894560987495907,
      0.5867889666918157,
      0.5837238684634367,
      0.5811807706942282,
      0.5788942443842334,
      0.5766411996699772,
      0.5745195171110875
    ],
    "val_recall": [
      0.06648413716606932,
      0.08865671004191876,
      0.13190728791702275,
      0.19218143067817617,
      0.25416708327755383,
      0.3086568590743434,
      0.3484754104024423,
      0.37766242160969105,
      0.39536103595245464,
      0.4050363947507457,
      0.4105384559863052,
      0.4105384559863052,
      0.4105384559863052,
      0.4105384559863052,
      0.4105384559863052,
      0.4141791106348702,
      0.4141791106348702,
      0.4141791106348702,
      0.4141791106348702,
      0.4141791106348702,
      0.4139142950511053,
      0.4139142950511053,
      0.4139142950511053,
      0.4139142950511053,
      0.4139142950511053,
      0.41573257483289455,
      0.41573257483289455,
      0.41573257483289455,
      0.41573257483289455,
      0.41573257483289455,
      0.4192607966531595,
      0.4192607966531595,
      0.4192607966531595,
      0.4192607966531595,
      0.4192607966531595,
      0.4229764585377457,
      0.4229764585377457,
      0.4229764585377457,
      0.4229764585377457,
      0.4229764585377457
    ],
    "epoch_time": [
      2.4228296279907227,
      2.1360862255096436,
      2.0795364379882812,
      2.2054548263549805,
      2.1085283756256104,
      2.127711057662964,
      2.0844297409057617,
      2.069378614425659,
      2.145986318588257,
      2.144573211669922,
      2.211674690246582,
      2.138214111328125,
      2.188730001449585,
      2.095900058746338,
      2.1219193935394287,
      2.086193084716797,
      2.1628379821777344,
      2.164608955383301,
      2.110332727432251,
      2.195765972137451,
      2.065309524536133,
      2.085545063018799,
      2.204555034637451,
      2.0785598754882812,
      2.0837459564208984,
      2.2124853134155273,
      2.1609230041503906,
      2.0686514377593994,
      2.146538496017456,
      2.085235834121704,
      2.1085474491119385,
      2.160403251647949,
      2.253723621368408,
      2.1825077533721924,
      2.089395046234131,
      2.165876626968384,
      2.162090539932251,
      2.1867966651916504,
      2.1368000507354736,
      2.207010507583618
    ],
    "edges_per_sec": [
      190540.8430979315,
      216118.6166021255,
      221995.62920214699,
      209320.99559843587,
      218943.22378423144,
      216969.30997156404,
      221474.48337567708,
      223085.32463892645,
      215121.595138452,
      215263.34353515823,
      208732.3248920167,
      215903.54191108258,
      210920.48799726454,
      220262.41092627987,
      217561.5159584156,
      221287.28322511396,
      213445.48403721504,
      213270.85377333345,
      218756.0255304909,
      210244.6280058764,
      223524.8491887364,
      221356.04173029502,
      209406.4302077721,
      222099.92863041908,
      221547.16057275032,
      208655.84833525075,
      213634.63627039595,
      223163.74405734628,
      215066.25707226346,
      221388.86760232804,
      218941.24326888318,
      213686.0327570125,
      204837.8938850089,
      211521.81442962014,
      220948.1643177349,
      213146.02791857862,
      213519.27288598457,
      211106.96177119936,
      216046.41943035502,
      209173.44906773593
    ],
    "gpu_memory_mb": [
      514.794921875,
      520.1953125,
      520.1953125,
      520.1953125,
      520.1953125,
      520.1953125,
      520.1953125,
      520.1953125,
      520.1953125,
      520.1953125,
      520.197265625,
      520.197265625,
      520.197265625,
      520.197265625,
      520.197265625,
      520.197265625,
      520.197265625,
      520.197265625,
      520.197265625,
      520.197265625,
      520.197265625,
      520.197265625,
      520.197265625,
      520.197265625,
      520.197265625,
      520.197265625,
      520.2236328125,
      520.2236328125,
      520.2236328125,
      520.2236328125,
      520.2236328125,
      520.2236328125,
      520.2236328125,
      520.2236328125,
      520.2236328125,
      520.2236328125,
      520.2236328125,
      520.2236328125,
      520.2236328125,
      520.2236328125
    ]
  },
  "test_results": {
    "final_test_recall": 0.4260428972213214,
    "test_evaluation_time": 1.912332534790039,
    "best_val_recall": 0.4229764585377457,
    "best_val_epoch": 35
  },
  "per_playlist_recalls": {},
  "computational_stats": {
    "total_training_time": 114.75996661186218,
    "avg_epoch_time": 2.1461348116397856,
    "peak_gpu_memory_gb": 0.70703125,
    "total_training_hours": 0.03187776850329505
  }
}