{
  "model_name": "perf_optimized",
  "timestamp": "2025-08-22T16:13:14.556805",
  "hyperparameters": {
    "epochs": 100,
    "batch_size": 2048,
    "learning_rate": 0.001,
    "embedding_dim": 64,
    "num_layers": 3,
    "k": 300,
    "optimizer": "Adam",
    "loss_function": "BPR",
    "negative_sampling_mode": "uniform",
    "use_amp": true,
    "amp_dtype": "torch.bfloat16"
  },
  "model_stats": {
    "total_trainable_params": 959488,
    "total_params": 959488,
    "embedding_params": 959488,
    "layer_params": 0
  },
  "training_history": {
    "epoch": [
      0,
      1,
      2,
      3,
      4,
      5,
      6,
      7,
      8,
      9,
      10,
      11,
      12,
      13,
      14,
      15,
      16,
      17,
      18,
      19,
      20,
      21,
      22,
      23,
      24,
      25,
      26,
      27,
      28,
      29,
      30,
      31,
      32,
      33,
      34,
      35,
      36,
      37,
      38,
      39,
      40,
      41,
      42,
      43,
      44,
      45,
      46,
      47,
      48,
      49,
      50,
      51,
      52,
      53,
      54,
      55,
      56,
      57,
      58,
      59,
      60,
      61,
      62,
      63,
      64,
      65,
      66,
      67,
      68,
      69,
      70,
      71,
      72,
      73,
      74,
      75,
      76,
      77,
      78,
      79,
      80,
      81,
      82,
      83,
      84,
      85,
      86,
      87,
      88,
      89,
      90,
      91,
      92,
      93,
      94,
      95,
      96,
      97,
      98,
      99
    ],
    "train_loss": [
      0.692965124979028,
      0.6928805734752933,
      0.6927353489120279,
      0.6924905430726828,
      0.6921124784570589,
      0.6915465163189835,
      0.6907746616412809,
      0.6897194380278839,
      0.6883456974094996,
      0.686658715795232,
      0.6845699596951382,
      0.6821150153301315,
      0.6792726954888423,
      0.6760698545461925,
      0.6724829922044461,
      0.66848645181993,
      0.6642211984737272,
      0.65965173910223,
      0.6548949529321025,
      0.6498693220368492,
      0.6447809110686921,
      0.6397522174274337,
      0.634731501636147,
      0.6297207735335563,
      0.6246947477429416,
      0.6200238001907505,
      0.6153541736004444,
      0.6110735302394946,
      0.6068014616950217,
      0.6029154008175457,
      0.599116834047551,
      0.5954353456946009,
      0.5924788494877636,
      0.5891422475464311,
      0.5863348451822834,
      0.5836595762145956,
      0.5808531803524098,
      0.5783589124595384,
      0.5761066243545435,
      0.5740185278654305,
      0.5722370598192389,
      0.5702419223464178,
      0.568139996920209,
      0.5663044235721658,
      0.5651551529256942,
      0.5634296298916883,
      0.5620597636544896,
      0.5606238369595968,
      0.5592892594175587,
      0.5579047777077321,
      0.5566929616636987,
      0.5557563258439898,
      0.5545060023927785,
      0.5533166670413828,
      0.5523190563297057,
      0.5514164094410046,
      0.550357515800925,
      0.5497168865672909,
      0.5487411708047433,
      0.5476501962439915,
      0.5470196546161862,
      0.546015690342178,
      0.5454496881582324,
      0.5443849256258633,
      0.5439701386310455,
      0.5433613318171775,
      0.5425428818427529,
      0.5418744940720391,
      0.541219294693521,
      0.540439661613807,
      0.539698059046141,
      0.5394400016163603,
      0.5389785573603817,
      0.5382951729729618,
      0.5378907677747429,
      0.5373564320129185,
      0.5367696611837224,
      0.5364518021108625,
      0.5353821660366971,
      0.5349775535936571,
      0.5346044818499686,
      0.5341707979994603,
      0.5338411462081597,
      0.5330772185828233,
      0.5326986246781139,
      0.5321535749124449,
      0.5318434582165559,
      0.5315338251965404,
      0.5307672059350212,
      0.5305129994954558,
      0.5301965531826162,
      0.5296836873325418,
      0.5294732085177007,
      0.5287382968217604,
      0.5286659916811006,
      0.5276946613041341,
      0.5276217792440483,
      0.5268928560965462,
      0.5268977185239293,
      0.5262519121077083
    ],
    "val_recall": [
      0.06696027770719871,
      0.08853781135999433,
      0.13042717088489017,
      0.19016758097501266,
      0.2527901796404903,
      0.3079769005780609,
      0.34869351015721484,
      0.377728748503826,
      0.3947245282657819,
      0.4056238732621254,
      0.41116584844910276,
      0.41116584844910276,
      0.41116584844910276,
      0.41116584844910276,
      0.41116584844910276,
      0.4146147203055137,
      0.4146147203055137,
      0.4146147203055137,
      0.4146147203055137,
      0.4146147203055137,
      0.4146237290247941,
      0.4146237290247941,
      0.4146237290247941,
      0.4146237290247941,
      0.4146237290247941,
      0.4159775986517237,
      0.4159775986517237,
      0.4159775986517237,
      0.4159775986517237,
      0.4159775986517237,
      0.41965468349985413,
      0.41965468349985413,
      0.41965468349985413,
      0.41965468349985413,
      0.41965468349985413,
      0.423990217073735,
      0.423990217073735,
      0.423990217073735,
      0.423990217073735,
      0.423990217073735,
      0.42851029747256647,
      0.42851029747256647,
      0.42851029747256647,
      0.42851029747256647,
      0.42851029747256647,
      0.43147061523956215,
      0.43147061523956215,
      0.43147061523956215,
      0.43147061523956215,
      0.43147061523956215,
      0.4343239796268659,
      0.4343239796268659,
      0.4343239796268659,
      0.4343239796268659,
      0.4343239796268659,
      0.43671330704138833,
      0.43671330704138833,
      0.43671330704138833,
      0.43671330704138833,
      0.43671330704138833,
      0.4386301867529002,
      0.4386301867529002,
      0.4386301867529002,
      0.4386301867529002,
      0.4386301867529002,
      0.4408893257649234,
      0.4408893257649234,
      0.4408893257649234,
      0.4408893257649234,
      0.4408893257649234,
      0.443703298584521,
      0.443703298584521,
      0.443703298584521,
      0.443703298584521,
      0.443703298584521,
      0.44583035901418716,
      0.44583035901418716,
      0.44583035901418716,
      0.44583035901418716,
      0.44583035901418716,
      0.44793241750663176,
      0.44793241750663176,
      0.44793241750663176,
      0.44793241750663176,
      0.44793241750663176,
      0.4503525838063136,
      0.4503525838063136,
      0.4503525838063136,
      0.4503525838063136,
      0.4503525838063136,
      0.4530362513682973,
      0.4530362513682973,
      0.4530362513682973,
      0.4530362513682973,
      0.4530362513682973,
      0.45562205819296037,
      0.45562205819296037,
      0.45562205819296037,
      0.45562205819296037,
      0.45562205819296037
    ],