{
  "model_name": "baseline",
  "timestamp": "2025-08-23T03:29:02.007614",
  "hyperparameters": {
    "epochs": 100,
    "batch_size": 2048,
    "learning_rate": 0.001,
    "embedding_dim": 64,
    "num_layers": 3,
    "k": 300,
    "optimizer": "Adam",
    "loss_function": "BPR",
    "negative_sampling_ratio": "1:1"
  },
  "model_stats": {
    "total_trainable_params": 959488,
    "total_params": 959488,
    "embedding_params": 959488,
    "layer_params": 0
  },
  "training_history": {
    "epoch": [
      0,
      1,
      2,
      3,
      4,
      5,
      6,
      7,
      8,
      9,
      10,
      11,
      12,
      13,
      14,
      15,
      16,
      17,
      18,
      19,
      20,
      21,
      22,
      23,
      24,
      25,
      26,
      27,
      28,
      29,
      30,
      31,
      32,
      33,
      34,
      35,
      36,
      37,
      38,
      39,
      40,
      41,
      42,
      43,
      44,
      45,
      46,
      47,
      48,
      49,
      50,
      51,
      52,
      53,
      54,
      55,
      56,
      57,
      58,
      59,
      60,
      61,
      62,
      63,
      64,
      65,
      66,
      67,
      68,
      69,
      70,
      71,
      72,
      73,
      74,
      75,
      76,
      77,
      78,
      79,
      80,
      81,
      82,
      83,
      84,
      85,
      86,
      87,
      88,
      89,
      90,
      91,
      92,
      93,
      94,
      95,
      96,
      97,
      98,
      99
    ],
    "train_loss": [
      0.6929643066638118,
      0.6928791577052674,
      0.692735506551987,
      0.6924908982661305,
      0.6921099489383365,
      0.6915452307687245,
      0.6907562155730885,
      0.6897018090822933,
      0.6883381549689223,
      0.6866307437774435,
      0.6845833129190024,
      0.6821252277843786,
      0.6792974940704538,
      0.6760833091536521,
      0.672495105748456,
      0.6685025680660314,
      0.6642657155015779,
      0.6598207537757883,
      0.654965238592672,
      0.6500349399481579,
      0.6450184308187676,
      0.6399533098522042,
      0.6348364130858097,
      0.6298474141706808,
      0.6249561904014589,
      0.6201443292478932,
      0.6156106055233729,
      0.6113604168856189,
      0.6071405867772816,
      0.6032047579506208,
      0.5994521326952921,
      0.5959087709639622,
      0.5924810462499945,
      0.5894560987495907,
      0.5867889738011512,
      0.5837238684634367,
      0.5811807706942282,
      0.5788942443842334,
      0.5766411996699772,
      0.5745195171110875,
      0.5725228774666309,
      0.570474908129375,
      0.5684409032488021,
      0.5669778090526697,
      0.5653102292656946,
      0.5635635449585551,
      0.562433727050859,
      0.5608450875172479,
      0.559635809257219,
      0.5581790341673553,
      0.5568919674972478,
      0.5557517233599605,
      0.5546717310660456,
      0.5534237315763685,
      0.5522321057511554,
      0.5515699277080659,
      0.5504888799278431,
      0.549524869811515,
      0.5485271382681176,
      0.5474248598867639,
      0.5468513585895117,
      0.5461272556397095,
      0.5451978208858101,
      0.5442103680729478,
      0.543970641056544,
      0.5432439613611563,
      0.5422582455037263,
      0.5418628515531768,
      0.5409994876750795,
      0.5402951112821214,
      0.5396012860899588,
      0.5390608138898159,
      0.5385361805051307,
      0.5377615848017437,
      0.5373665000098768,
      0.5368706766320106,
      0.5365103773492026,
      0.535572449843022,
      0.5355231770546776,
      0.5342917275060077,
      0.5341786406992362,
      0.5334466115465009,
      0.5332328095312726,
      0.5326797470320772,
      0.5320866086150314,
      0.5318203232596258,
      0.5312480055273717,
      0.5309996956009291,
      0.5307609573772527,
      0.5298992637696578,
      0.5295135009683563,
      0.5288648344275526,
      0.5286246228740934,
      0.5282323888563343,
      0.5278793522772481,
      0.5274278700823751,
      0.5265695173162303,
      0.5264725146368257,
      0.525765485314914,
      0.5257254821984522
    ],
    "val_recall": [
      0.06648413716606932,
      0.08865671004191876,
      0.13190728791702275,
      0.19218143067817617,
      0.25416708327755383,
      0.3086568590743434,
      0.3484754104024423,
      0.37766242160969105,
      0.39536103595245464,
      0.4050363947507457,
      0.4105384559863052,
      0.4105384559863052,
      0.4105384559863052,
      0.4105384559863052,
      0.4105384559863052,
      0.4141791106348702,
      0.4141791106348702,
      0.4141791106348702,
      0.4141791106348702,
      0.4141791106348702,
      0.4139142950511053,
      0.4139142950511053,
      0.4139142950511053,
      0.4139142950511053,
      0.4139142950511053,
      0.41573257483289455,
      0.41573257483289455,
      0.41573257483289455,
      0.41573257483289455,
      0.41573257483289455,
      0.4192607966531595,
      0.4192607966531595,
      0.4192607966531595,
      0.4192607966531595,
      0.4192607966531595,
      0.4229764585377457,
      0.4229764585377457,
      0.4229764585377457,
      0.4229764585377457,
      0.4229764585377457,
      0.4276119296519964,
      0.4276119296519964,
      0.4276119296519964,
      0.4276119296519964,
      0.4276119296519964,
      0.4309479716101386,
      0.4309479716101386,
      0.4309479716101386,
      0.4309479716101386,
      0.4309479716101386,
      0.4342414822401461,
      0.4342414822401461,
      0.4342414822401461,
      0.4342414822401461,
      0.4342414822401461,
      0.4370650309588989,
      0.4370650309588989,
      0.4370650309588989,
      0.4370650309588989,
      0.4370650309588989,
      0.4390961261171722,
      0.4390961261171722,
      0.4390961261171722,
      0.4390961261171722,
      0.4390961261171722,
      0.4415456591945742,
      0.4415456591945742,
      0.4415456591945742,
      0.4415456591945742,
      0.4415456591945742,
      0.4439547828626332,
      0.4439547828626332,
      0.4439547828626332,
      0.4439547828626332,
      0.4439547828626332,
      0.4457246453257962,
      0.4457246453257962,
      0.4457246453257962,
      0.4457246453257962,
      0.4457246453257962,
      0.4478599403803415,
      0.4478599403803415,
      0.4478599403803415,
      0.4478599403803415,
      0.4478599403803415,
      0.45043561633636187,
      0.45043561633636187,
      0.45043561633636187,
      0.45043561633636187,
      0.45043561633636187,
      0.45263650271798783,
      0.45263650271798783,
      0.45263650271798783,
      0.45263650271798783,
      0.45263650271798783,
      0.45479499858094086,
      0.45479499858094086,
      0.45479499858094086,
      0.45479499858094086,
      0.45479499858094086
    ],